Distro,OriginCode,DPCI,RequestType,DistroStatus,SSZ,UnitSortable,TrayCode,TotalNumberofPallets,TotalNumberofFullVCPs,TotalNumberofLooseSSP,SSPsinVCP,PullMode,TotalNumberofStore,TotalNumberofSSPsintheDistro,VCPLength,VCPWidth,VCPHeight,AllocationRequestDate,AllocationRequestTime,WorkStation,Aisle,Total_locs,wave_id
000000000071649528,W,043-14-0440,BAS,N,13,Y,1,0,2,0,12,CA,23,24,22.4,12.9,7.8,2022-09-12T00:00:00,02:22:16 AM,SF22,31,1,W1
000000000071642812,W,022-08-4696,BAS,N,13,Y,1,0,0,2,6,CA,1,2,13.7,13.1,3.3,2022-09-12T00:00:00,02:21:09 AM,SF22,31,1,W1
000000000071642814,W,022-08-4697,BAS,N,13,Y,1,0,0,5,6,CA,5,5,14.8,13.1,3.3,2022-09-12T00:00:00,02:21:09 AM,SF22,31,1,W1
000000000071642620,W,022-08-0661,BAS,N,13,Y,1,0,1,1,6,CA,7,7,1.2,11.0,21.5,2022-09-12T00:00:00,02:21:08 AM,SF22,31,1,W1
000000000071642621,W,022-08-0661,BAS,N,13,Y,1,0,0,4,6,CA,4,4,1.2,11.0,21.5,2022-09-12T00:00:00,02:21:08 AM,SF22,31,1,W1
000000000071642625,W,022-08-0666,BAS,N,13,Y,1,0,2,1,6,CA,13,13,13.7,13.1,3.3,2022-09-12T00:00:00,02:21:08 AM,SF22,31,1,W1
000000000071642623,W,022-08-0662,BAS,N,13,Y,1,0,0,4,6,CA,4,4,1.2,11.0,21.5,2022-09-12T00:00:00,02:21:08 AM,SF22,31,1,W1
000000000071642577,W,022-08-0448,BAS,N,13,Y,1,0,0,3,6,CA,3,3,14.7,13.1,3.1,2022-09-12T00:00:00,02:21:08 AM,SF22,31,1,W1
000000000071642579,W,022-08-0451,BAS,N,13,Y,1,0,1,4,6,CA,10,10,13.7,13.1,3.3,2022-09-12T00:00:00,02:21:08 AM,SF22,31,1,W1
000000000071644062,W,023-12-3092,BAS,N,13,Y,1,0,1,0,24,CA,20,24,25.5,14.9,11.4,2022-09-12T00:00:00,02:21:15 AM,SF22,31,1,W1
000000000071642668,W,022-08-1921,BAS,N,13,Y,1,0,0,5,6,CA,5,5,13.6,13.3,3.3,2022-09-12T00:00:00,02:21:08 AM,SF22,31,1,W1
000000000071642667,W,022-08-1921,BAS,N,13,Y,1,0,1,2,6,CA,8,8,13.6,13.3,3.3,2022-09-12T00:00:00,02:21:08 AM,SF22,31,1,W1
000000000071639705,W,042-02-2138,BAS,N,13,Y,1,0,0,3,8,CA,2,3,24.0,16.0,5.0,2022-09-11T00:00:00,02:09:07 AM,SF03,106,1,W1
000000000071638897,W,025-02-0013,BAS,N,13,Y,1,0,0,7,12,CA,7,7,18.5,16.5,4.0,2022-09-11T00:00:00,02:09:10 AM,SF03,106,1,W1
000000000071638904,W,025-02-0164,BAS,N,13,Y,1,0,0,6,12,CA,6,6,18.5,16.5,4.0,2022-09-11T00:00:00,02:09:13 AM,SF03,106,1,W1
000000000071638998,W,025-04-0117,BAS,N,13,Y,1,0,0,2,9,CA,2,2,12.9,11.4,9.2,2022-09-11T00:00:00,02:08:48 AM,SF03,106,1,W1
000000000071642582,W,022-08-0473,BAS,N,13,Y,1,0,2,2,6,CA,13,14,19.9,12.8,2.8,2022-09-12T00:00:00,02:21:08 AM,SF03,106,1,W1
000000000071639005,W,025-04-0291,BAS,N,13,Y,1,0,0,3,8,CA,3,3,15.7,15.4,13.2,2022-09-11T00:00:00,02:08:48 AM,SF03,106,1,W1
000000000071639093,W,025-04-9424,BAS,N,13,Y,1,0,0,4,9,CA,4,4,15.5,13.6,13.3,2022-09-11T00:00:00,02:08:53 AM,SF03,106,1,W1
000000000071640477,W,214-07-1285,BAS,N,13,Y,1,0,0,3,12,CA,3,3,14.0,15.5,7.2,2022-09-11T00:00:00,02:09:13 AM,SF03,106,1,W1
000000000071639673,W,042-02-1949,BAS,N,13,Y,1,0,0,2,8,CA,1,2,24.0,16.0,5.0,2022-09-11T00:00:00,02:08:58 AM,SF03,106,1,W1
000000000071639721,W,042-02-3266,BAS,N,13,Y,1,0,0,3,8,CA,3,3,24.0,16.0,5.0,2022-09-11T00:00:00,02:09:05 AM,SF03,106,1,W1
000000000071638906,W,025-02-0166,BAS,N,13,Y,1,0,0,6,12,CA,6,6,18.5,16.5,4.0,2022-09-11T00:00:00,02:08:53 AM,SF03,106,1,W1
000000000071640481,W,214-07-1384,BAS,N,13,Y,1,0,0,2,12,CA,2,2,14.0,15.5,7.2,2022-09-11T00:00:00,02:09:05 AM,SF03,106,1,W1
000000000071638093,W,022-10-0053,BAS,N,13,Y,1,0,0,1,48,CA,1,1,17.3,16.1,14.5,2022-09-11T00:00:00,02:08:56 AM,SF03,106,1,W1
000000000071639699,W,042-02-2130,BAS,N,13,Y,1,0,0,1,8,CA,1,1,24.0,16.0,5.0,2022-09-11T00:00:00,02:08:58 AM,SF03,106,1,W1
000000000071639036,W,025-04-1197,BAS,N,13,Y,1,0,0,5,9,CA,5,5,15.8,13.1,12.7,2022-09-11T00:00:00,02:09:00 AM,SF03,106,1,W1
000000000071638937,W,025-03-0631,BAS,N,13,Y,1,0,0,24,36,CA,11,24,21.6,11.4,11.8,2022-09-11T00:00:00,02:08:36 AM,SF03,106,1,W1
000000000071639041,W,025-04-2237,BAS,N,13,Y,1,0,0,5,9,CA,5,5,15.0,10.0,10.1,2022-09-11T00:00:00,02:08:48 AM,SF03,106,1,W1
000000000071638901,W,025-02-0106,BAS,N,13,Y,1,0,0,3,12,CA,3,3,18.5,16.5,4.0,2022-09-11T00:00:00,02:08:48 AM,SF03,106,1,W1
000000000071639767,W,042-11-0946,BAS,N,13,Y,1,0,0,2,24,CA,2,2,15.0,23.0,10.0,2022-09-11T00:00:00,02:08:40 AM,SF03,106,1,W1
000000000071638158,W,022-12-0144,BAS,N,13,Y,1,0,0,2,96,CA,2,2,18.0,10.0,6.0,2022-09-11T00:00:00,02:09:10 AM,SF03,106,1,W1
000000000071639644,W,042-02-1105,BAS,N,13,Y,1,0,0,4,8,CA,3,4,24.0,16.0,5.0,2022-09-11T00:00:00,02:09:10 AM,SF03,106,1,W1
000000000071638896,W,025-02-0012,BAS,N,13,Y,1,0,0,6,12,CA,6,6,18.5,16.5,4.0,2022-09-11T00:00:00,02:09:10 AM,SF03,106,1,W1
000000000071639678,W,042-02-1958,BAS,N,13,Y,1,0,0,2,8,CA,2,2,24.0,16.0,5.0,2022-09-11T00:00:00,02:08:58 AM,SF03,106,1,W1
000000000071638172,W,022-12-0350,BAS,N,13,Y,1,0,0,1,96,CA,1,1,18.0,12.0,6.0,2022-09-11T00:00:00,02:08:44 AM,SF03,106,1,W1
000000000071639918,W,042-11-7930,BAS,N,13,Y,1,0,0,11,24,CA,6,11,15.0,23.0,10.0,2022-09-11T00:00:00,02:08:40 AM,SF03,106,1,W1
000000000071639086,W,025-04-8204,BAS,N,13,Y,1,0,0,1,9,CA,1,1,19.6,14.7,12.7,2022-09-11T00:00:00,02:08:48 AM,SF03,106,1,W1
000000000071639047,W,025-04-3207,BAS,N,13,Y,1,0,0,3,9,CA,2,3,15.4,10.8,10.5,2022-09-11T00:00:00,02:08:44 AM,SF03,106,1,W1
000000000071639635,W,042-02-0832,BAS,N,13,Y,1,0,0,4,8,CA,4,4,24.0,16.0,5.0,2022-09-11T00:00:00,02:08:51 AM,SF03,106,1,W1
000000000071638898,W,025-02-0103,BAS,N,13,Y,1,0,0,3,12,CA,3,3,18.5,16.5,4.0,2022-09-11T00:00:00,02:09:10 AM,SF03,106,1,W1
000000000071638895,W,025-02-0011,BAS,N,13,Y,1,0,0,6,12,CA,6,6,18.5,16.5,4.0,2022-09-11T00:00:00,02:08:39 AM,SF03,106,1,W1
000000000071640251,W,043-13-2462,BAS,N,13,Y,1,0,0,2,24,CA,1,2,13.0,11.7,9.2,2022-09-11T00:00:00,02:09:00 AM,SF03,106,1,W1
000000000071640049,W,042-21-6656,BAS,N,13,Y,1,0,0,4,24,CA,3,4,30.0,20.0,19.0,2022-09-11T00:00:00,02:09:00 AM,SF03,106,1,W1
000000000071639695,W,042-02-2125,BAS,N,13,Y,1,0,0,1,8,CA,1,1,24.0,16.0,5.0,2022-09-11T00:00:00,02:08:56 AM,SF03,106,1,W1
000000000071639258,W,025-10-1204,BAS,N,13,Y,1,0,0,2,24,CA,2,2,18.1,11.0,10.6,2022-09-11T00:00:00,02:08:39 AM,SF03,106,1,W1
000000000071637921,W,020-03-5966,BAS,N,13,Y,1,0,0,1,12,CA,1,1,22.0,11.4,7.4,2022-09-11T00:00:00,02:08:36 AM,SF03,106,1,W1
000000000071639038,W,025-04-1717,BAS,N,13,Y,1,0,0,1,9,CA,1,1,15.0,12.5,12.2,2022-09-11T00:00:00,02:09:00 AM,SF03,106,1,W1
000000000071638846,W,025-00-4627,BAS,N,13,Y,1,0,0,1,36,CA,1,1,21.3,20.5,9.0,2022-09-11T00:00:00,02:09:13 AM,SF03,106,1,W1
000000000071638173,W,022-12-0351,BAS,N,13,Y,1,0,0,2,96,CA,1,2,14.0,10.0,6.0,2022-09-11T00:00:00,02:08:44 AM,SF03,106,1,W1
000000000071638089,W,022-09-6972,BAS,N,13,Y,1,0,0,2,9,CA,2,2,22.6,14.1,10.6,2022-09-11T00:00:00,02:09:07 AM,SF03,106,1,W1
000000000071640482,W,214-07-1388,BAS,N,13,Y,1,0,0,2,12,CA,1,2,14.0,15.5,7.2,2022-09-11T00:00:00,02:09:05 AM,SF03,106,1,W1
000000000071639061,W,025-04-4465,BAS,N,13,Y,1,0,0,1,9,CA,1,1,15.0,12.5,12.2,2022-09-11T00:00:00,02:09:18 AM,SF03,106,1,W1
000000000071639024,W,025-04-0702,BAS,N,13,Y,1,0,0,7,9,CA,6,7,16.1,13.5,13.4,2022-09-11T00:00:00,02:09:10 AM,SF03,106,1,W1
000000000071638366,W,022-12-3777,BAS,N,13,Y,1,0,0,5,96,CA,2,5,15.0,9.0,6.0,2022-09-11T00:00:00,02:08:44 AM,SF03,106,1,W1
000000000071639661,W,042-02-1583,BAS,N,13,Y,1,0,0,1,8,CA,1,1,24.0,16.0,5.0,2022-09-11T00:00:00,02:09:00 AM,SF03,106,1,W1
000000000071638899,W,025-02-0104,BAS,N,13,Y,1,0,0,3,12,CA,3,3,18.5,16.5,4.0,2022-09-11T00:00:00,02:08:44 AM,SF03,106,1,W1
000000000071639766,W,042-11-0945,BAS,N,13,Y,1,0,0,9,24,CA,9,9,15.0,23.0,10.0,2022-09-11T00:00:00,02:08:40 AM,SF03,106,1,W1
000000000071640478,W,214-07-1287,BAS,N,13,Y,1,0,0,1,12,CA,1,1,14.0,15.5,7.2,2022-09-11T00:00:00,02:09:05 AM,SF03,106,1,W1
000000000071642585,W,022-08-0479,BAS,N,13,Y,1,0,0,5,6,CA,4,5,19.9,13.3,2.9,2022-09-12T00:00:00,02:21:08 AM,SF03,106,1,W1
000000000071639831,W,042-11-6627,BAS,N,13,Y,1,0,0,3,24,CA,3,3,15.0,23.0,10.0,2022-09-11T00:00:00,02:08:48 AM,SF03,106,1,W1
000000000071639098,W,025-04-9820,BAS,N,13,Y,1,0,0,3,9,CA,3,3,15.0,10.0,10.1,2022-09-11T00:00:00,02:08:53 AM,SF03,106,1,W1
000000000071649604,W,043-14-0501,BAS,N,13,Y,1,0,0,10,12,CA,10,10,12.5,11.4,6.2,2022-09-12T00:00:00,02:22:17 AM,SF03,106,1,W1
000000000071650506,W,043-18-6577,BAS,N,13,Y,1,0,0,2,6,CA,1,2,12.6,11.8,9.1,2022-09-12T00:00:00,02:22:26 AM,SF03,106,1,W1
000000000071644193,W,023-12-4864,BAS,N,13,Y,1,0,0,9,24,CA,9,9,23.6,13.3,9.8,2022-09-12T00:00:00,02:21:16 AM,SF03,106,1,W1
000000000071639818,W,042-11-5699,BAS,N,13,Y,1,0,0,4,24,CA,3,4,24.1,15.2,9.7,2022-09-11T00:00:00,02:08:51 AM,SF03,107,1,W1
000000000071640301,W,043-13-3357,BAS,N,13,Y,1,0,1,1,24,CA,13,25,13.0,12.0,11.6,2022-09-11T00:00:00,02:09:05 AM,SF03,107,1,W1
000000000071639974,W,042-21-0846,BAS,N,13,Y,1,0,0,5,24,CA,5,5,23.0,13.0,12.0,2022-09-11T00:00:00,02:09:07 AM,SF03,107,1,W1
000000000071639040,W,025-04-2184,BAS,N,13,Y,1,0,0,1,9,CA,1,1,15.0,15.0,12.5,2022-09-11T00:00:00,02:08:48 AM,SF03,107,1,W1
000000000071637990,W,022-09-1773,BAS,N,13,Y,1,0,0,6,12,CA,6,6,13.0,16.0,20.0,2022-09-11T00:00:00,02:08:39 AM,SF03,107,1,W1
000000000071640271,W,043-13-2498,BAS,N,13,Y,1,0,0,7,24,CA,6,7,12.5,11.7,11.4,2022-09-11T00:00:00,02:08:36 AM,SF03,107,1,W1
000000000071639973,W,042-21-0843,BAS,N,13,Y,1,0,0,10,24,CA,9,10,23.0,13.0,12.0,2022-09-11T00:00:00,02:09:10 AM,SF03,107,1,W1
000000000071637948,W,022-09-1058,BAS,N,13,Y,1,0,0,2,12,CA,2,2,13.0,16.0,20.0,2022-09-11T00:00:00,02:09:07 AM,SF03,107,1,W1
000000000071640300,W,043-13-3356,BAS,N,13,Y,1,0,0,14,24,CA,8,14,12.7,11.9,11.5,2022-09-11T00:00:00,02:09:10 AM,SF03,107,1,W1
000000000071639082,W,025-04-7520,BAS,N,13,Y,1,0,0,2,9,CA,2,2,15.0,10.0,10.1,2022-09-11T00:00:00,02:08:44 AM,SF03,107,1,W1
000000000071640432,W,098-05-1387,BAS,N,13,Y,1,0,1,3,6,CA,7,9,18.7,11.7,11.4,2022-09-11T00:00:00,02:08:36 AM,SF03,107,1,W1
000000000071639971,W,042-21-0839,BAS,N,13,Y,1,0,0,2,24,CA,2,2,23.0,13.0,12.0,2022-09-11T00:00:00,02:08:40 AM,SF03,107,1,W1
000000000071639034,W,025-04-0890,BAS,N,13,Y,1,0,1,4,9,CA,10,13,15.2,12.9,12.7,2022-09-11T00:00:00,02:08:53 AM,SF03,107,1,W1
000000000071639084,W,025-04-8060,BAS,N,13,Y,1,0,0,3,9,CA,3,3,15.5,11.4,11.2,2022-09-11T00:00:00,02:08:48 AM,SF03,107,1,W1
000000000071639009,W,025-04-0424,BAS,N,13,Y,1,0,0,4,9,CA,4,4,15.0,10.0,10.1,2022-09-11T00:00:00,02:09:00 AM,SF03,107,1,W1
000000000071639027,W,025-04-0709,BAS,N,13,Y,1,0,0,5,9,CA,3,5,16.2,15.5,11.9,2022-09-11T00:00:00,02:08:56 AM,SF03,107,1,W1
000000000071639048,W,025-04-3208,BAS,N,13,Y,1,0,0,6,9,CA,6,6,15.3,11.0,10.6,2022-09-11T00:00:00,02:08:58 AM,SF03,107,1,W1
000000000071639012,W,025-04-0561,BAS,N,13,Y,1,0,0,6,9,CA,6,6,13.2,10.6,9.0,2022-09-11T00:00:00,02:09:16 AM,SF03,107,1,W1
000000000071639067,W,025-04-5407,BAS,N,13,Y,1,0,0,1,9,CA,1,1,15.0,10.0,10.1,2022-09-11T00:00:00,02:09:13 AM,SF03,107,1,W1
000000000071639083,W,025-04-7663,BAS,N,13,Y,1,0,0,2,9,CA,2,2,16.4,13.4,12.8,2022-09-11T00:00:00,02:08:36 AM,SF03,107,1,W1
000000000071637991,W,022-09-1774,BAS,N,13,Y,1,0,0,5,12,CA,5,5,13.0,16.0,20.0,2022-09-11T00:00:00,02:08:39 AM,SF03,107,1,W1
000000000071639008,W,025-04-0422,BAS,N,13,Y,1,0,0,4,9,CA,4,4,15.0,12.5,12.2,2022-09-11T00:00:00,02:08:48 AM,SF03,107,1,W1
000000000071639096,W,025-04-9727,BAS,N,13,Y,1,0,0,2,9,CA,2,2,15.0,12.5,12.2,2022-09-11T00:00:00,02:08:53 AM,SF03,107,1,W1
000000000071639972,W,042-21-0840,BAS,N,13,Y,1,0,0,2,24,CA,2,2,23.0,13.0,12.0,2022-09-11T00:00:00,02:08:40 AM,SF03,107,1,W1
000000000071639045,W,025-04-3205,BAS,N,13,Y,1,0,0,3,9,CA,3,3,15.3,10.6,10.4,2022-09-11T00:00:00,02:08:48 AM,SF03,107,1,W1
000000000071639011,W,025-04-0560,BAS,N,13,Y,1,0,0,2,9,CA,2,2,12.5,10.9,9.3,2022-09-11T00:00:00,02:09:02 AM,SF03,107,1,W1
000000000071639607,W,041-02-9439,BAS,N,13,Y,1,0,0,1,12,CA,1,1,18.5,23.2,6.3,2022-09-11T00:00:00,02:08:36 AM,SF03,107,1,W1
000000000071638270,W,022-12-1709,BAS,N,13,Y,1,0,0,5,96,CA,3,5,18.2,12.2,9.5,2022-09-11T00:00:00,02:08:48 AM,SF03,107,1,W1
000000000071637804,W,020-02-2227,BAS,N,13,Y,1,0,2,4,12,CA,14,28,13.0,12.6,7.5,2022-09-11T00:00:00,02:09:02 AM,SF03,107,1,W1
000000000071639570,W,040-05-1275,BAS,N,13,Y,1,0,0,1,12,CA,1,1,23.5,15.2,9.1,2022-09-11T00:00:00,02:09:07 AM,SF03,107,1,W1
000000000071639064,W,025-04-5120,BAS,N,13,Y,1,0,0,4,9,CA,4,4,15.0,10.0,10.1,2022-09-11T00:00:00,02:09:18 AM,SF03,107,1,W1
000000000071639080,W,025-04-7369,BAS,N,13,Y,1,0,0,1,9,CA,1,1,15.0,12.5,12.2,2022-09-11T00:00:00,02:08:44 AM,SF03,107,1,W1
000000000071638458,W,022-12-4187,BAS,N,13,Y,1,0,0,2,96,CA,2,2,17.7,14.9,3.1,2022-09-11T00:00:00,02:08:48 AM,SF03,107,1,W1
000000000071637977,W,022-09-1557,BAS,N,13,Y,1,0,0,2,12,CA,2,2,13.0,16.0,20.0,2022-09-11T00:00:00,02:08:48 AM,SF03,107,1,W1
000000000071639786,W,042-11-2950,BAS,N,13,Y,1,0,0,1,24,CA,1,1,15.0,23.0,11.0,2022-09-11T00:00:00,02:09:13 AM,SF03,107,1,W1
000000000071638344,W,022-12-3674,BAS,N,13,Y,1,0,0,4,96,CA,2,4,16.0,9.0,6.0,2022-09-11T00:00:00,02:09:04 AM,SF03,107,1,W1
000000000071638396,W,022-12-3930,BAS,N,13,Y,1,0,0,8,96,CA,5,8,14.0,10.0,7.5,2022-09-11T00:00:00,02:08:48 AM,SF03,107,1,W1
000000000071637978,W,022-09-1558,BAS,N,13,Y,1,0,0,1,12,CA,1,1,13.0,16.0,20.0,2022-09-11T00:00:00,02:08:48 AM,SF03,107,1,W1
000000000071639095,W,025-04-9707,BAS,N,13,Y,1,0,0,2,9,CA,2,2,15.0,10.0,10.1,2022-09-11T00:00:00,02:08:53 AM,SF03,107,1,W1
000000000071640336,W,044-06-5123,BAS,N,13,Y,1,0,2,8,12,CA,16,32,15.7,9.0,7.0,2022-09-11T00:00:00,02:08:33 AM,SF03,107,1,W1
000000000071640466,W,098-05-5054,BAS,N,13,Y,1,0,0,1,6,CA,1,1,15.7,9.8,9.4,2022-09-11T00:00:00,02:08:36 AM,SF03,108,1,W1
000000000071640357,W,044-10-0896,BAS,N,13,Y,1,0,0,2,6,CA,2,2,12.0,9.0,4.0,2022-09-11T00:00:00,02:08:48 AM,SF03,108,1,W1
000000000071639280,W,025-10-1590,BAS,N,13,Y,1,0,0,1,48,CA,1,1,18.9,11.4,7.0,2022-09-11T00:00:00,02:08:39 AM,SF03,108,1,W1
000000000071638255,W,022-12-1473,BAS,N,13,Y,1,0,0,3,96,CA,3,3,15.8,13.4,6.3,2022-09-11T00:00:00,02:08:36 AM,SF03,108,1,W1
000000000071638242,W,022-12-1197,BAS,N,13,Y,1,0,0,3,96,CA,2,3,18.0,11.0,6.0,2022-09-11T00:00:00,02:08:36 AM,SF03,108,1,W1
000000000071638323,W,022-12-2864,BAS,N,13,Y,1,0,0,1,96,CA,1,1,16.0,10.0,5.5,2022-09-11T00:00:00,02:08:36 AM,SF03,108,1,W1
000000000071638531,W,022-12-4275,BAS,N,13,Y,1,0,0,5,96,CA,3,5,16.0,11.0,7.5,2022-09-11T00:00:00,02:08:36 AM,SF03,108,1,W1
000000000071637811,W,020-02-2754,BAS,N,13,Y,1,0,0,1,12,CA,1,1,12.9,12.6,10.6,2022-09-11T00:00:00,02:08:56 AM,SF03,108,1,W1
000000000071638325,W,022-12-2866,BAS,N,13,Y,1,0,0,2,96,CA,2,2,16.0,10.0,5.5,2022-09-11T00:00:00,02:09:02 AM,SF03,108,1,W1
000000000071638394,W,022-12-3911,BAS,N,13,Y,1,0,0,5,96,CA,5,5,18.0,12.0,9.0,2022-09-11T00:00:00,02:09:00 AM,SF03,108,1,W1
000000000071657671,W,214-05-2686,BAS,N,13,Y,1,0,6,10,12,CA,58,82,13.3,11.5,7.4,2022-09-12T00:00:00,02:23:58 AM,SF03,108,2,W1
000000000071657632,W,214-05-1519,BAS,N,13,Y,1,0,1,3,12,CA,15,15,12.9,12.5,7.0,2022-09-12T00:00:00,02:23:57 AM,SF03,108,1,W1
000000000071642809,W,022-08-4694,BAS,N,13,Y,1,0,1,1,6,CA,7,7,13.7,13.1,3.3,2022-09-12T00:00:00,02:21:09 AM,SF03,108,1,W1
000000000071649497,W,043-14-0333,BAS,N,13,Y,1,0,0,1,12,CA,1,1,22.4,12.9,7.8,2022-09-12T00:00:00,02:22:16 AM,SF03,108,1,W1
000000000071638374,W,022-12-3836,BAS,N,13,Y,1,0,0,3,96,CA,2,3,16.9,11.8,7.4,2022-09-11T00:00:00,02:08:58 AM,SF03,109,1,W1
000000000071639026,W,025-04-0708,BAS,N,13,Y,1,0,0,7,9,CA,7,7,16.0,16.0,13.3,2022-09-11T00:00:00,02:09:13 AM,SF03,109,1,W1
000000000071637898,W,020-03-5415,BAS,N,13,Y,1,0,0,9,12,CA,5,9,21.6,10.6,8.6,2022-09-11T00:00:00,02:09:07 AM,SF03,109,1,W1
000000000071638634,W,022-12-4414,BAS,N,13,Y,1,0,0,3,96,CA,2,3,17.0,10.0,6.0,2022-09-11T00:00:00,02:08:39 AM,SF03,109,1,W1
000000000071637839,W,020-02-4290,BAS,N,13,Y,1,0,0,4,12,CA,4,4,12.9,12.6,7.8,2022-09-11T00:00:00,02:09:07 AM,SF03,109,1,W1
000000000071639304,W,025-10-5189,BAS,N,13,Y,1,0,0,2,48,CA,2,2,18.5,13.7,9.8,2022-09-11T00:00:00,02:08:48 AM,SF03,109,1,W1
000000000071649416,W,043-14-0055,BAS,N,13,Y,1,0,6,0,12,CA,43,72,22.0,12.5,3.9,2022-09-12T00:00:00,02:22:14 AM,SF03,109,1,W1
000000000071649890,W,043-15-0794,BAS,N,13,Y,1,0,3,9,12,CA,37,45,20.5,12.4,9.5,2022-09-12T00:00:00,02:22:21 AM,SF03,109,2,W1
000000000071638241,W,022-12-1196,BAS,N,13,Y,1,0,0,7,96,CA,6,7,16.0,10.0,6.0,2022-09-11T00:00:00,02:08:33 AM,SF03,109,1,W1
000000000071649530,W,043-14-0465,BAS,N,13,Y,1,0,2,5,12,CA,28,29,22.4,12.9,6.6,2022-09-12T00:00:00,02:22:16 AM,SF03,109,1,W1
000000000071649506,W,043-14-0355,BAS,N,13,Y,1,0,2,5,12,CA,27,29,22.4,12.9,6.6,2022-09-12T00:00:00,02:22:16 AM,SF03,109,1,W1
000000000071657707,W,214-05-3040,BAS,N,13,Y,1,0,0,9,12,CA,9,9,14.9,13.7,6.6,2022-09-12T00:00:00,02:23:58 AM,SF03,109,1,W1
000000000071640338,W,044-06-8098,BAS,N,13,Y,1,0,0,2,6,CA,1,2,11.0,8.3,6.3,2022-09-11T00:00:00,02:08:33 AM,SF03,110,1,W1
000000000071640284,W,043-13-2688,BAS,N,13,Y,1,0,0,1,12,CA,1,1,21.2,12.5,5.5,2022-09-11T00:00:00,02:08:44 AM,SF03,110,1,W1
000000000071640266,W,043-13-2492,BAS,N,13,Y,1,0,0,2,24,CA,2,2,12.6,11.9,9.0,2022-09-11T00:00:00,02:08:44 AM,SF03,110,1,W1
000000000071639229,W,025-10-0500,BAS,N,13,Y,1,0,0,1,96,CA,1,1,19.9,12.6,10.4,2022-09-11T00:00:00,02:09:04 AM,SF03,110,1,W1
000000000071638445,W,022-12-4150,BAS,N,13,Y,1,0,0,4,96,CA,2,4,24.0,16.0,8.0,2022-09-11T00:00:00,02:08:48 AM,SF03,110,1,W1
000000000071639321,W,025-10-6704,BAS,N,13,Y,1,0,0,1,48,CA,1,1,23.6,19.6,7.0,2022-09-11T00:00:00,02:09:13 AM,SF03,110,1,W1
000000000071639232,W,025-10-0568,BAS,N,13,Y,1,0,0,2,48,CA,2,2,18.1,14.9,14.9,2022-09-11T00:00:00,02:09:04 AM,SF03,110,1,W1
000000000071639107,W,025-05-0081,BAS,N,13,Y,1,0,0,7,60,CA,7,7,14.5,9.8,11.0,2022-09-11T00:00:00,02:08:39 AM,SF03,110,1,W1
000000000071637924,W,020-18-0325,BAS,N,13,Y,1,0,1,0,3,CA,3,3,13.0,11.0,7.5,2022-09-11T00:00:00,02:08:48 AM,SF03,110,1,W1
000000000071640270,W,043-13-2497,BAS,N,13,Y,1,0,0,20,24,CA,10,20,12.6,11.7,9.2,2022-09-11T00:00:00,02:08:36 AM,SF03,110,1,W1
000000000071640252,W,043-13-2464,BAS,N,13,Y,1,0,0,4,24,CA,3,4,12.7,11.8,11.6,2022-09-11T00:00:00,02:09:00 AM,SF03,110,1,W1
000000000071638193,W,022-12-0491,BAS,N,13,Y,1,0,0,9,96,CA,3,9,16.9,10.2,5.5,2022-09-11T00:00:00,02:08:36 AM,SF03,110,1,W1
000000000071640262,W,043-13-2485,BAS,N,13,Y,1,0,0,5,24,CA,4,5,12.6,11.7,9.0,2022-09-11T00:00:00,02:08:44 AM,SF03,110,1,W1
000000000071659275,W,309-00-2712,BAS,N,13,Y,1,0,0,1,6,CA,1,1,17.7,12.9,2.7,2022-09-12T00:00:00,02:24:10 AM,SF03,110,1,W1
000000000071642350,W,020-06-4852,BAS,N,13,Y,1,0,0,2,6,CA,1,2,21.8,13.5,10.2,2022-09-12T00:00:00,02:21:06 AM,SF03,110,1,W1
000000000071657935,W,214-14-2967,BAS,N,13,Y,1,0,0,1,12,CA,1,1,23.0,14.0,13.0,2022-09-12T00:00:00,02:23:59 AM,SF03,110,1,W1
000000000071648910,W,041-06-1755,BAS,N,13,Y,1,0,0,5,12,CA,1,5,12.0,11.0,6.0,2022-09-12T00:00:00,02:22:12 AM,SF03,110,1,W1
000000000071642484,W,021-03-5478,BAS,N,13,Y,1,0,0,3,6,CA,1,3,13.3,11.6,4.3,2022-09-12T00:00:00,02:21:07 AM,SF03,110,1,W1
000000000071638287,W,022-12-1981,BAS,N,13,Y,1,0,0,1,96,CA,1,1,15.7,10.2,5.9,2022-09-11T00:00:00,02:08:58 AM,SF03,110,1,W1
000000000071637918,W,020-03-5963,BAS,N,13,Y,1,0,0,3,12,CA,3,3,22.0,10.2,6.3,2022-09-11T00:00:00,02:08:56 AM,SF03,110,1,W1
000000000071639579,W,041-02-1393,BAS,N,13,Y,1,0,0,1,12,CA,1,1,24.5,14.0,3.7,2022-09-11T00:00:00,02:09:10 AM,CR03,111,1,W1
000000000071640327,W,043-13-4542,BAS,N,13,Y,1,0,0,9,12,CA,5,9,12.5,11.4,6.2,2022-09-11T00:00:00,02:08:56 AM,CR03,111,1,W1
000000000071649437,W,043-14-0129,BAS,N,13,Y,1,0,4,4,12,CA,47,52,22.0,12.5,4.7,2022-09-12T00:00:00,02:22:15 AM,CR03,111,1,W1
000000000071650333,W,043-18-4280,BAS,N,13,Y,1,0,2,8,12,CA,27,32,12.9,12.5,6.9,2022-09-12T00:00:00,02:22:25 AM,CR03,111,1,W1
000000000071642156,W,020-01-0825,BAS,N,13,Y,1,0,1,10,12,CA,2,22,12.5,11.2,15.7,2022-09-12T00:00:00,02:21:05 AM,CR03,111,1,W1
000000000071639575,W,041-02-0584,BAS,N,13,Y,1,0,0,2,12,CA,2,2,12.6,11.8,4.7,2022-09-11T00:00:00,02:08:36 AM,CR03,111,1,W1
000000000071639264,W,025-10-1223,BAS,N,13,Y,1,0,0,3,24,CA,3,3,18.1,11.0,10.6,2022-09-11T00:00:00,02:09:16 AM,CR03,111,1,W1
000000000071639660,W,042-02-1582,BAS,N,13,Y,1,0,0,1,8,CA,1,1,24.0,16.0,5.0,2022-09-11T00:00:00,02:09:00 AM,CR03,111,1,W1
000000000071640461,W,098-05-4809,BAS,N,13,Y,1,0,0,1,6,CA,1,1,20.0,14.9,9.0,2022-09-11T00:00:00,02:08:40 AM,CR03,111,1,W1
000000000071638457,W,022-12-4185,BAS,N,13,Y,1,0,0,1,96,CA,1,1,19.6,15.7,3.1,2022-09-11T00:00:00,02:08:48 AM,CR03,111,1,W1
000000000071639242,W,025-10-0680,BAS,N,13,Y,1,0,0,1,48,CA,1,1,17.3,15.7,12.6,2022-09-11T00:00:00,02:08:44 AM,CR03,111,1,W1
000000000071638256,W,022-12-1474,BAS,N,13,Y,1,0,0,1,96,CA,1,1,15.8,13.4,6.3,2022-09-11T00:00:00,02:08:36 AM,CR03,111,1,W1
000000000071639102,W,025-05-0062,BAS,N,13,Y,1,0,0,2,48,CA,2,2,14.9,11.4,18.5,2022-09-11T00:00:00,02:09:13 AM,CR03,111,1,W1
000000000071640153,W,043-13-1029,BAS,N,13,Y,1,0,0,3,12,CA,3,3,13.1,12.4,7.0,2022-09-11T00:00:00,02:08:48 AM,CR03,112,1,W1
000000000071658870,W,281-00-3253,BAS,N,13,Y,1,0,0,3,6,CA,1,3,25.6,13.8,3.9,2022-09-12T00:00:00,02:24:08 AM,CR03,112,1,W1
000000000071645098,W,029-04-0560,BAS,N,13,Y,1,0,0,4,6,CA,4,4,11.4,9.4,4.7,2022-09-12T00:00:00,02:21:32 AM,CR03,112,1,W1
000000000071639223,W,025-10-0431,BAS,N,13,Y,1,0,0,3,48,CA,3,3,18.9,15.7,13.3,2022-09-11T00:00:00,02:08:58 AM,CR03,112,1,W1
000000000071637905,W,020-03-5557,BAS,N,13,Y,1,0,0,6,12,CA,4,6,26.5,14.1,6.5,2022-09-11T00:00:00,02:09:02 AM,CR03,112,1,W1
000000000071638088,W,022-09-6971,BAS,N,13,Y,1,0,0,1,9,CA,1,1,18.9,14.2,12.8,2022-09-11T00:00:00,02:09:10 AM,CR03,112,1,W1
000000000071639327,W,025-10-7440,BAS,N,13,Y,1,0,0,1,48,CA,1,1,16.9,15.7,9.4,2022-09-11T00:00:00,02:08:39 AM,CR03,112,1,W1
000000000071638381,W,022-12-3846,BAS,N,13,Y,1,0,0,6,96,CA,4,6,19.6,15.7,3.1,2022-09-11T00:00:00,02:09:10 AM,CR03,112,1,W1
000000000071637849,W,020-03-2985,BAS,N,13,Y,1,0,0,2,12,CA,2,2,21.6,10.6,8.6,2022-09-11T00:00:00,02:09:13 AM,CR03,112,1,W1
000000000071639581,W,041-02-2438,BAS,N,13,Y,1,0,0,3,12,CA,2,3,24.5,14.0,3.7,2022-09-11T00:00:00,02:09:00 AM,CR03,112,1,W1
000000000071640460,W,098-05-4690,BAS,N,13,Y,1,0,0,1,6,CA,1,1,14.9,12.8,8.6,2022-09-11T00:00:00,02:08:40 AM,CR03,112,1,W1
000000000071638813,W,025-00-2741,BAS,N,13,Y,1,0,0,3,30,CA,3,3,21.6,16.1,10.8,2022-09-11T00:00:00,02:08:39 AM,CR03,112,1,W1
000000000071639196,W,025-05-9088,BAS,N,13,Y,1,0,0,1,72,CA,1,1,18.1,10.6,20.1,2022-09-11T00:00:00,02:08:39 AM,CR03,112,1,W1
000000000071640259,W,043-13-2477,BAS,N,13,Y,1,0,0,1,24,CA,1,1,12.7,11.6,9.2,2022-09-11T00:00:00,02:08:58 AM,CR03,112,1,W1
000000000071639899,W,042-11-7807,BAS,N,13,Y,1,0,0,6,24,CA,5,6,13.7,24.4,11.4,2022-09-11T00:00:00,02:08:44 AM,CR03,112,1,W1
000000000071640457,W,098-05-4687,BAS,N,13,Y,1,0,1,4,6,CA,10,10,14.1,11.8,8.2,2022-09-11T00:00:00,02:09:05 AM,CR03,112,1,W1
000000000071639320,W,025-10-6654,BAS,N,13,Y,1,0,0,2,96,CA,2,2,23.2,18.1,10.1,2022-09-11T00:00:00,02:09:13 AM,CR03,113,1,W1
000000000071657676,W,214-05-2689,BAS,N,13,Y,1,0,3,1,12,CA,36,37,15.3,14.1,7.7,2022-09-12T00:00:00,02:23:58 AM,CR03,113,1,W1
000000000071658869,W,281-00-3250,BAS,N,13,Y,1,0,0,2,6,CA,1,2,16.9,26.8,3.9,2022-09-12T00:00:00,02:24:08 AM,CR03,113,1,W1
000000000071640452,W,098-05-4612,BAS,N,13,Y,1,0,1,2,6,CA,5,8,16.1,9.4,11.8,2022-09-11T00:00:00,02:08:44 AM,CR03,113,1,W1
000000000071637796,W,020-02-0932,BAS,N,13,Y,1,0,0,2,12,CA,1,2,13.0,12.6,11.0,2022-09-11T00:00:00,02:09:10 AM,CR03,113,1,W1
000000000071637896,W,020-03-5396,BAS,N,13,Y,1,0,1,10,12,CA,13,22,21.6,9.4,8.6,2022-09-11T00:00:00,02:09:10 AM,CR03,113,1,W1
000000000071637876,W,020-03-4921,BAS,N,13,Y,1,0,0,1,12,CA,1,1,22.0,11.4,7.4,2022-09-11T00:00:00,02:09:10 AM,CR03,113,1,W1
000000000071640189,W,043-13-1983,BAS,N,13,Y,1,0,0,9,12,CA,9,9,21.2,12.5,5.5,2022-09-11T00:00:00,02:08:53 AM,CR03,113,1,W1
000000000071640388,W,098-00-2543,BAS,N,13,Y,1,0,0,5,6,CA,5,5,16.5,15.4,14.2,2022-09-11T00:00:00,02:08:33 AM,CR03,113,1,W1
000000000071648871,W,041-03-3650,BAS,N,13,Y,1,0,5,6,12,CA,59,66,26.0,18.0,7.0,2022-09-12T00:00:00,02:22:11 AM,CR03,113,4,W1
000000000071639260,W,025-10-1207,BAS,N,13,Y,1,0,0,3,24,CA,3,3,18.1,11.0,10.6,2022-09-11T00:00:00,02:08:39 AM,CR03,113,1,W1
000000000071637964,W,022-09-1390,BAS,N,13,Y,1,0,0,5,6,CA,3,5,11.8,5.8,5.3,2022-09-11T00:00:00,02:08:44 AM,NR02,114,1,W1
000000000071637986,W,022-09-1751,BAS,N,13,Y,1,0,0,5,6,CA,2,5,11.8,5.9,5.1,2022-09-11T00:00:00,02:09:07 AM,NR01,114,1,W1
000000000071637970,W,022-09-1516,BAS,N,13,Y,1,0,0,3,6,CA,2,3,11.8,5.8,4.3,2022-09-11T00:00:00,02:08:48 AM,NR02,114,1,W1
000000000071638006,W,022-09-2192,BAS,N,13,Y,1,0,0,3,6,CA,2,3,11.6,5.9,5.3,2022-09-11T00:00:00,02:09:16 AM,NR02,114,1,W1
000000000071637965,W,022-09-1391,BAS,N,13,Y,1,0,0,4,6,CA,2,4,11.6,6.0,5.1,2022-09-11T00:00:00,02:08:44 AM,NR02,114,1,W1
000000000071643899,W,023-09-3298,BAS,N,13,Y,1,0,5,5,6,CA,35,35,20.2,12.3,7.6,2022-09-12T00:00:00,02:21:14 AM,NR02,114,2,W1
000000000071643844,W,023-09-1696,BAS,N,13,Y,1,0,6,5,6,CA,39,41,14.1,12.2,6.7,2022-09-12T00:00:00,02:21:13 AM,NR02,114,2,W1
000000000071643864,W,023-09-3288,BAS,N,13,Y,1,0,5,4,6,CA,34,34,15.0,12.2,6.6,2022-09-12T00:00:00,02:21:13 AM,NR01,114,2,W1
000000000071643900,W,023-09-3299,BAS,N,13,Y,1,0,9,4,6,CA,58,58,20.2,12.5,7.8,2022-09-12T00:00:00,02:21:14 AM,NR02,114,3,W1
000000000071643911,W,023-09-5092,BAS,N,13,Y,1,0,4,5,6,CA,28,29,12.0,12.0,6.0,2022-09-12T00:00:00,02:21:14 AM,NR01,114,1,W1
000000000071643905,W,023-09-5088,BAS,N,13,Y,1,0,4,0,6,CA,24,24,12.0,12.0,6.0,2022-09-12T00:00:00,02:21:14 AM,NR02,114,1,W1
000000000071643882,W,023-09-3293,BAS,N,13,Y,1,0,9,0,6,CA,54,54,15.5,12.3,6.6,2022-09-12T00:00:00,02:21:14 AM,NR02,114,2,W1
000000000071643885,W,023-09-3294,BAS,N,13,Y,1,0,5,5,6,CA,35,35,20.5,13.0,7.7,2022-09-12T00:00:00,02:21:14 AM,NR01,114,2,W1
000000000071643890,W,023-09-3296,BAS,N,13,Y,1,0,8,4,6,CA,52,52,14.5,12.3,6.6,2022-09-12T00:00:00,02:21:14 AM,NR01,114,2,W1
000000000071643896,W,023-09-3297,BAS,N,13,Y,1,0,6,5,6,CA,41,41,12.3,12.3,6.6,2022-09-12T00:00:00,02:21:14 AM,NR02,114,2,W1
000000000071657762,W,214-05-3199,BAS,N,13,Y,1,0,2,2,12,CA,26,26,13.0,11.0,7.0,2022-09-12T00:00:00,02:23:58 AM,CR03,115,1,W1
000000000071657753,W,214-05-3186,BAS,N,13,Y,1,0,5,3,12,CA,60,63,15.2,13.9,7.6,2022-09-12T00:00:00,02:23:58 AM,CR03,115,1,W1
000000000071648956,W,041-06-1996,BAS,N,13,Y,1,0,18,11,12,CA,146,227,23.0,13.0,9.0,2022-09-12T00:00:00,02:22:12 AM,CR03,115,5,W1
000000000071642149,W,020-01-0754,BAS,N,13,Y,1,0,0,3,12,CA,1,3,22.4,14.9,27.1,2022-09-12T00:00:00,02:21:05 AM,CR03,115,1,W1
000000000071649495,W,043-14-0332,BAS,N,13,Y,1,0,7,0,12,CA,77,84,22.4,12.9,7.8,2022-09-12T00:00:00,02:22:16 AM,CR03,115,2,W1
000000000071657552,W,214-03-5375,BAS,N,13,Y,1,0,1,1,12,CA,10,13,20.1,11.5,4.7,2022-09-12T00:00:00,02:23:56 AM,CR03,115,1,W1
000000000071657646,W,214-05-2218,BAS,N,13,Y,1,0,8,0,12,CA,91,96,13.8,12.2,7.2,2022-09-12T00:00:00,02:23:57 AM,CR03,115,2,W1
000000000071648947,W,041-06-1979,BAS,N,13,Y,1,0,10,10,12,CA,97,130,23.0,13.0,9.0,2022-09-12T00:00:00,02:22:12 AM,CR03,115,3,W1
000000000071649494,W,043-14-0331,BAS,N,13,Y,1,0,1,3,12,CA,9,15,22.4,12.9,6.6,2022-09-12T00:00:00,02:22:16 AM,CR03,115,1,W1
000000000071649793,W,043-14-1887,BAS,N,13,Y,1,0,3,3,12,CA,37,39,13.5,12.5,6.0,2022-09-12T00:00:00,02:22:19 AM,CR03,115,1,W1
000000000071649440,W,043-14-0134,BAS,N,13,Y,1,0,11,2,12,CA,92,134,22.0,12.5,3.9,2022-09-12T00:00:00,02:22:15 AM,CR03,116,1,W1
000000000071648682,W,041-01-3928,BAS,N,13,Y,1,0,0,8,12,CA,8,8,21.0,12.0,5.0,2022-09-12T00:00:00,02:22:09 AM,CR03,116,1,W1
000000000071657678,W,214-05-2695,BAS,N,13,Y,1,0,8,3,12,CA,90,99,13.0,11.0,7.0,2022-09-12T00:00:00,02:23:58 AM,CR03,116,2,W1
000000000071649521,W,043-14-0436,BAS,N,13,Y,1,0,3,7,12,CA,41,43,22.4,12.9,6.6,2022-09-12T00:00:00,02:22:16 AM,CR03,116,2,W1
000000000071649445,W,043-14-0140,BAS,N,13,Y,1,0,7,3,12,CA,67,87,22.0,12.5,4.7,2022-09-12T00:00:00,02:22:15 AM,CR03,116,1,W1
000000000071649419,W,043-14-0057,BAS,N,13,Y,1,0,1,0,12,CA,12,12,22.0,13.2,5.1,2022-09-12T00:00:00,02:22:15 AM,CR03,116,1,W1
000000000071649507,W,043-14-0356,BAS,N,13,Y,1,0,3,9,12,CA,43,45,22.4,12.9,6.6,2022-09-12T00:00:00,02:22:16 AM,CR03,116,2,W1
000000000071649444,W,043-14-0139,BAS,N,13,Y,1,0,9,2,12,CA,65,110,22.1,13.9,4.3,2022-09-12T00:00:00,02:22:15 AM,CR03,116,1,W1
000000000071649766,W,043-14-1865,BAS,N,13,Y,1,0,6,5,12,CA,71,77,13.5,12.5,6.0,2022-09-12T00:00:00,02:22:19 AM,CR03,116,2,W1
000000000071648948,W,041-06-1980,BAS,N,13,Y,1,0,0,2,12,CA,2,2,23.0,13.0,9.0,2022-09-12T00:00:00,02:22:12 AM,CR03,116,1,W1
000000000071657647,W,214-05-2219,BAS,N,13,Y,1,0,6,9,12,CA,70,81,11.8,13.7,6.6,2022-09-12T00:00:00,02:23:57 AM,CR03,116,2,W1
000000000071648870,W,041-03-3649,BAS,N,13,Y,1,0,0,6,12,CA,5,6,26.0,18.0,7.0,2022-09-12T00:00:00,02:22:11 AM,CR03,116,1,W1
000000000071649493,W,043-14-0331,BAS,N,13,Y,1,0,6,3,12,CA,69,75,22.4,12.9,6.6,2022-09-12T00:00:00,02:22:16 AM,CR03,116,2,W1
000000000071644956,W,023-13-1321,BAS,N,13,Y,1,0,2,0,24,CA,26,48,19.6,14.1,5.5,2022-09-12T00:00:00,02:21:29 AM,SF03,117,1,W1
000000000071657680,W,214-05-2697,BAS,N,13,Y,1,0,4,8,12,CA,55,56,13.0,11.0,7.0,2022-09-12T00:00:00,02:23:58 AM,SF03,117,1,W1
000000000071642689,W,022-08-3106,BAS,N,13,Y,1,0,3,4,6,CA,21,22,15.7,11.0,10.2,2022-09-12T00:00:00,02:21:08 AM,SF03,117,1,W1
000000000071650309,W,043-18-3638,BAS,N,13,Y,1,0,4,0,12,CA,46,48,13.3,13.0,5.3,2022-09-12T00:00:00,02:22:25 AM,SF03,117,1,W1
000000000071657663,W,214-05-2420,BAS,N,13,Y,1,0,2,9,12,CA,29,33,14.9,14.2,7.2,2022-09-12T00:00:00,02:23:58 AM,SF03,117,1,W1
000000000071642279,W,020-06-4292,BAS,N,13,Y,1,0,1,3,6,CA,2,9,12.7,11.0,8.3,2022-09-12T00:00:00,02:21:06 AM,SF03,117,1,W1
000000000071649788,W,043-14-1882,BAS,N,13,Y,1,0,6,4,12,CA,70,76,13.5,12.5,6.0,2022-09-12T00:00:00,02:22:19 AM,SF03,117,2,W1
000000000071649609,W,043-14-0550,BAS,N,13,Y,1,0,4,6,12,CA,48,54,12.5,11.5,6.0,2022-09-12T00:00:00,02:22:17 AM,SF03,117,1,W1
000000000071642356,W,020-06-4871,BAS,N,13,Y,1,0,0,2,6,CA,1,2,21.8,13.5,10.2,2022-09-12T00:00:00,02:21:06 AM,SF03,118,1,W1
000000000071659285,W,309-01-1148,BAS,N,13,Y,1,0,0,1,6,CA,1,1,14.9,14.3,3.5,2022-09-12T00:00:00,02:24:10 AM,SF03,118,1,W1
000000000071657636,W,214-05-1702,BAS,N,13,Y,1,0,1,5,12,CA,17,17,12.9,12.5,7.0,2022-09-12T00:00:00,02:23:57 AM,SF03,118,1,W1
000000000071649767,W,043-14-1866,BAS,N,13,Y,1,0,1,2,12,CA,11,14,13.5,12.5,6.0,2022-09-12T00:00:00,02:22:19 AM,SF03,118,1,W1
000000000071649789,W,043-14-1882,BAS,N,13,Y,1,0,0,8,12,CA,4,8,13.5,12.5,6.0,2022-09-12T00:00:00,02:22:19 AM,SF03,118,1,W1
000000000071649771,W,043-14-1869,BAS,N,13,Y,1,0,5,5,12,CA,57,65,13.5,12.5,6.0,2022-09-12T00:00:00,02:22:19 AM,SF03,118,1,W1
000000000071649312,W,042-20-1972,BAS,N,13,Y,1,0,0,4,6,CA,1,4,27.3,20.0,3.0,2022-09-12T00:00:00,02:22:13 AM,SF03,119,1,W1
000000000071649446,W,043-14-0140,BAS,N,13,Y,1,0,2,2,12,CA,9,26,22.0,12.5,4.7,2022-09-12T00:00:00,02:22:15 AM,SF03,119,1,W1
000000000071649415,W,043-14-0054,BAS,N,13,Y,1,0,6,3,12,CA,44,75,22.0,12.5,4.7,2022-09-12T00:00:00,02:22:14 AM,SF03,119,1,W1
000000000071644950,W,023-13-1312,BAS,N,13,Y,1,0,2,22,24,CA,39,70,17.3,14.5,5.1,2022-09-12T00:00:00,02:21:29 AM,SF03,119,1,W1
000000000071649402,W,043-14-0045,BAS,N,13,Y,1,0,2,9,12,CA,32,33,22.0,12.5,3.9,2022-09-12T00:00:00,02:22:14 AM,SF03,119,1,W1
000000000071648846,W,041-03-3588,BAS,N,13,Y,1,0,2,11,12,CA,34,35,26.0,18.0,7.0,2022-09-12T00:00:00,02:22:11 AM,SF03,119,2,W1
000000000071642358,W,020-06-4873,BAS,N,13,Y,1,0,0,1,6,CA,1,1,21.8,13.5,10.2,2022-09-12T00:00:00,02:21:06 AM,SF03,122,1,W1
000000000071642343,W,020-06-4843,BAS,N,13,Y,1,0,0,1,6,CA,1,1,21.8,13.5,10.2,2022-09-12T00:00:00,02:21:06 AM,SF03,122,1,W1
000000000071642344,W,020-06-4844,BAS,N,13,Y,1,0,0,1,6,CA,1,1,21.8,13.5,10.2,2022-09-12T00:00:00,02:21:06 AM,SF03,122,1,W1
000000000071642346,W,020-06-4846,BAS,N,13,Y,1,0,0,1,6,CA,1,1,21.8,13.5,10.2,2022-09-12T00:00:00,02:21:06 AM,SF03,122,1,W1
000000000071649729,W,043-14-1423,BAS,N,13,Y,1,0,5,8,12,CA,54,68,13.0,12.0,6.0,2022-09-12T00:00:00,02:22:18 AM,SF03,122,1,W1
000000000071642347,W,020-06-4847,BAS,N,13,Y,1,0,0,1,6,CA,1,1,21.8,13.5,10.2,2022-09-12T00:00:00,02:21:06 AM,SF03,122,1,W1
000000000071650428,W,043-18-6357,BAS,N,13,Y,1,0,4,1,6,CA,24,25,13.7,11.8,3.5,2022-09-12T00:00:00,02:22:26 AM,SF03,122,1,W1
000000000071649532,W,043-14-0467,BAS,N,13,Y,1,0,4,9,12,CA,51,57,22.4,12.9,7.8,2022-09-12T00:00:00,02:22:17 AM,SF03,123,2,W1
000000000071648850,W,041-03-3608,BAS,N,13,Y,1,0,1,5,12,CA,17,17,26.0,18.0,7.0,2022-09-12T00:00:00,02:22:11 AM,SF03,123,2,W1
000000000071649309,W,042-20-1967,BAS,N,13,Y,1,0,0,2,6,CA,2,2,27.1,23.0,3.3,2022-09-12T00:00:00,02:22:13 AM,SF03,123,1,W1
000000000071648811,W,041-03-3505,BAS,N,13,Y,1,0,2,11,12,CA,30,35,26.0,18.0,7.0,2022-09-12T00:00:00,02:22:10 AM,SF03,123,2,W1
000000000071648945,W,041-06-1977,BAS,N,13,Y,1,0,0,2,12,CA,2,2,23.0,13.0,9.0,2022-09-12T00:00:00,02:22:12 AM,SF03,123,1,W1
000000000071650521,W,044-05-4868,BAS,N,13,Y,1,0,0,4,12,CA,1,4,12.6,11.4,6.3,2022-09-12T00:00:00,02:22:26 AM,SF03,123,1,W1
000000000071648813,W,041-03-3506,BAS,N,13,Y,1,0,0,8,12,CA,5,8,26.0,18.0,7.0,2022-09-12T00:00:00,02:22:10 AM,SF03,123,1,W1
000000000071648814,W,041-03-3507,BAS,N,13,Y,1,0,0,8,12,CA,7,8,26.0,18.0,7.0,2022-09-12T00:00:00,02:22:10 AM,SF03,124,1,W1
000000000071657513,W,214-03-1939,BAS,N,13,Y,1,0,0,7,12,CA,7,7,16.1,14.2,6.8,2022-09-12T00:00:00,02:23:56 AM,SF03,124,1,W1
000000000071648993,W,041-06-2380,BAS,N,13,Y,1,0,0,2,12,CA,1,2,14.5,12.2,7.8,2022-09-12T00:00:00,02:22:12 AM,SF03,124,1,W1
000000000071642269,W,020-06-4279,BAS,N,13,Y,1,0,1,1,6,CA,2,7,12.7,11.0,8.3,2022-09-12T00:00:00,02:21:06 AM,SF03,124,1,W1
000000000071657665,W,214-05-2422,BAS,N,13,Y,1,0,1,9,12,CA,18,21,14.9,14.0,7.4,2022-09-12T00:00:00,02:23:58 AM,SF03,125,1,W1
000000000071644057,W,023-12-3085,BAS,N,13,Y,1,0,0,17,24,CA,16,17,23.6,13.3,9.8,2022-09-12T00:00:00,02:21:15 AM,SF03,125,1,W1
000000000071650308,W,043-18-3637,BAS,N,13,Y,1,0,1,9,12,CA,19,21,13.1,12.7,5.1,2022-09-12T00:00:00,02:22:25 AM,SF03,125,1,W1
000000000071649614,W,043-14-0559,BAS,N,13,Y,1,0,6,2,12,CA,69,74,12.5,11.5,6.0,2022-09-12T00:00:00,02:22:17 AM,SF03,125,1,W1
000000000071657550,W,214-03-5339,BAS,N,13,Y,1,0,0,3,12,CA,3,3,20.2,11.6,5.4,2022-09-12T00:00:00,02:23:56 AM,SF03,125,1,W1
000000000071642523,W,022-08-0165,BAS,N,13,Y,1,0,2,3,6,CA,14,15,15.5,10.2,4.9,2022-09-12T00:00:00,02:21:08 AM,SF03,125,1,W1
000000000071642537,W,022-08-0177,BAS,N,13,Y,1,0,37,2,6,CA,203,224,15.6,10.1,4.7,2022-09-12T00:00:00,02:21:08 AM,SF03,125,3,W1
000000000071638372,W,022-12-3796,BAS,N,13,Y,1,0,0,3,96,CA,3,3,14.1,10.6,8.2,2022-09-11T00:00:00,02:08:44 AM,SF22,601,1,W1
000000000071657518,W,214-03-2307,BAS,N,13,Y,1,0,0,1,12,CA,1,1,24.0,13.0,5.0,2022-09-12T00:00:00,02:23:56 AM,SF22,601,1,W1
000000000071639898,W,042-11-7803,BAS,N,13,Y,1,0,0,1,24,CA,1,1,13.7,24.4,11.4,2022-09-11T00:00:00,02:08:40 AM,SF22,601,1,W1
000000000071638868,W,025-00-5173,BAS,N,13,Y,1,0,0,1,30,CA,1,1,21.3,10.6,14.2,2022-09-11T00:00:00,02:09:07 AM,SF22,601,1,W1
000000000071639700,W,042-02-2131,BAS,N,13,Y,1,0,0,4,8,CA,3,4,24.0,16.0,5.0,2022-09-11T00:00:00,02:09:02 AM,SF22,601,1,W1
000000000071639148,W,025-05-4027,BAS,N,13,Y,1,0,0,3,120,CA,2,3,17.7,11.0,7.1,2022-09-11T00:00:00,02:09:10 AM,SF22,601,1,W1
000000000071638215,W,022-12-0714,BAS,N,13,Y,1,0,0,6,96,CA,5,6,18.0,11.0,6.0,2022-09-11T00:00:00,02:08:44 AM,SF22,601,1,W1
000000000071638453,W,022-12-4180,BAS,N,13,Y,1,0,0,3,96,CA,3,3,19.6,15.7,3.1,2022-09-11T00:00:00,02:08:39 AM,SF22,601,1,W1
000000000071640086,W,042-24-5699,BAS,N,13,Y,1,0,0,1,16,CA,1,1,24.0,16.0,5.0,2022-09-11T00:00:00,02:09:19 AM,SF22,601,1,W1
000000000071640087,W,042-24-6369,BAS,N,13,Y,1,0,0,1,16,CA,1,1,24.0,16.0,5.0,2022-09-11T00:00:00,02:09:19 AM,SF22,601,1,W1
000000000071639795,W,042-11-2979,BAS,N,13,Y,1,0,0,1,24,CA,1,1,15.0,23.0,11.0,2022-09-11T00:00:00,02:08:53 AM,SF22,601,1,W1
000000000071640076,W,042-24-1295,BAS,N,13,Y,1,0,0,1,8,CA,1,1,23.6,15.9,5.4,2022-09-11T00:00:00,02:09:13 AM,SF22,601,1,W1
000000000071638439,W,022-12-4140,BAS,N,13,Y,1,0,0,3,96,CA,1,3,24.0,16.0,8.0,2022-09-11T00:00:00,02:09:04 AM,SF22,602,1,W1
000000000071638526,W,022-12-4269,BAS,N,13,Y,1,0,0,1,96,CA,1,1,19.6,15.7,3.1,2022-09-11T00:00:00,02:08:53 AM,SF22,602,1,W1
000000000071639708,W,042-02-3089,BAS,N,13,Y,1,0,0,2,8,CA,1,2,24.0,16.0,5.0,2022-09-11T00:00:00,02:09:07 AM,SF22,602,1,W1
000000000071639707,W,042-02-3088,BAS,N,13,Y,1,0,0,3,8,CA,3,3,24.0,16.0,5.0,2022-09-11T00:00:00,02:09:07 AM,SF22,602,1,W1
000000000071639679,W,042-02-1959,BAS,N,13,Y,1,0,0,1,8,CA,1,1,24.0,16.0,5.0,2022-09-11T00:00:00,02:08:51 AM,SF22,602,1,W1
000000000071638440,W,022-12-4142,BAS,N,13,Y,1,0,0,1,96,CA,1,1,24.0,16.0,8.0,2022-09-11T00:00:00,02:08:58 AM,SF22,602,1,W1
000000000071638399,W,022-12-3933,BAS,N,13,Y,1,0,0,4,96,CA,4,4,16.0,11.0,7.5,2022-09-11T00:00:00,02:08:44 AM,SF22,602,1,W1
000000000071639753,W,042-02-3967,BAS,N,13,Y,1,0,0,3,8,CA,3,3,24.0,16.0,5.0,2022-09-11T00:00:00,02:09:07 AM,SF22,602,1,W1
000000000071639732,W,042-02-3682,BAS,N,13,Y,1,0,0,2,8,CA,2,2,24.0,16.0,5.0,2022-09-11T00:00:00,02:08:40 AM,SF22,602,1,W1
000000000071639745,W,042-02-3882,BAS,N,13,Y,1,0,0,1,8,CA,1,1,24.0,16.0,5.0,2022-09-11T00:00:00,02:08:53 AM,SF22,602,1,W1
000000000071637979,W,022-09-1582,BAS,N,13,Y,1,0,0,1,9,CA,1,1,17.4,16.8,11.0,2022-09-11T00:00:00,02:08:48 AM,SF22,602,1,W1
000000000071639999,W,042-21-1790,BAS,N,13,Y,1,0,0,1,24,CA,1,1,30.0,20.0,19.0,2022-09-11T00:00:00,02:09:13 AM,SF22,602,1,W1
000000000071657874,W,214-10-1559,BAS,N,13,Y,1,0,0,1,12,CA,1,1,17.9,10.1,3.9,2022-09-12T00:00:00,02:23:59 AM,SF22,602,1,W1
000000000071637994,W,022-09-1803,BAS,N,13,Y,1,0,0,1,9,CA,1,1,19.0,12.4,11.0,2022-09-11T00:00:00,02:08:36 AM,SF22,602,1,W1
000000000071639645,W,042-02-1109,BAS,N,13,Y,1,0,0,2,8,CA,2,2,24.0,16.0,5.0,2022-09-11T00:00:00,02:08:40 AM,SF22,602,1,W1
000000000071639642,W,042-02-1103,BAS,N,13,Y,1,0,0,3,8,CA,3,3,24.0,16.0,5.0,2022-09-11T00:00:00,02:09:10 AM,SF22,602,1,W1
000000000071638386,W,022-12-3869,BAS,N,13,Y,1,0,0,4,96,CA,1,4,17.7,14.9,3.1,2022-09-11T00:00:00,02:08:36 AM,SF22,602,1,W1
000000000071639676,W,042-02-1955,BAS,N,13,Y,1,0,0,1,8,CA,1,1,24.0,16.0,5.0,2022-09-11T00:00:00,02:08:58 AM,SF22,602,1,W1
000000000071648922,W,041-06-1791,BAS,N,13,Y,1,0,0,2,12,CA,1,2,23.0,13.8,7.0,2022-09-12T00:00:00,02:22:12 AM,SF22,602,1,W1
000000000071644188,W,023-12-4674,BAS,N,13,Y,1,0,0,14,24,CA,11,14,23.7,15.1,10.9,2022-09-12T00:00:00,02:21:16 AM,SF22,602,1,W1
000000000071648672,W,041-01-3089,BAS,N,13,Y,1,0,0,5,12,CA,1,5,20.4,19.2,4.3,2022-09-12T00:00:00,02:22:08 AM,SF22,603,1,W1
000000000071639941,W,042-21-0342,BAS,N,13,Y,1,0,0,8,24,CA,7,8,23.0,13.0,12.0,2022-09-11T00:00:00,02:09:05 AM,SF22,603,1,W1
000000000071639984,W,042-21-1192,BAS,N,13,Y,1,0,0,3,24,CA,3,3,23.0,13.0,12.0,2022-09-11T00:00:00,02:09:05 AM,SF22,603,1,W1
000000000071657760,W,214-05-3198,BAS,N,13,Y,1,0,0,2,12,CA,2,2,13.0,11.0,7.0,2022-09-12T00:00:00,02:23:58 AM,SF22,603,1,W1
000000000071642354,W,020-06-4869,BAS,N,13,Y,1,0,0,3,6,CA,1,3,21.8,13.5,10.2,2022-09-12T00:00:00,02:21:06 AM,SF22,603,1,W1
000000000071648690,W,041-01-4578,BAS,N,13,Y,1,0,0,3,12,CA,1,3,20.4,19.2,4.3,2022-09-12T00:00:00,02:22:09 AM,SF22,603,1,W1
000000000071648671,W,041-01-3088,BAS,N,13,Y,1,0,0,4,12,CA,1,4,20.4,19.2,4.3,2022-09-12T00:00:00,02:22:08 AM,SF22,603,1,W1
000000000071642355,W,020-06-4870,BAS,N,13,Y,1,0,0,2,6,CA,1,2,21.8,13.5,10.2,2022-09-12T00:00:00,02:21:06 AM,SF22,603,1,W1
000000000071648673,W,041-01-3090,BAS,N,13,Y,1,0,0,3,12,CA,1,3,20.4,19.2,4.3,2022-09-12T00:00:00,02:22:08 AM,SF22,603,1,W1
000000000071648689,W,041-01-4569,BAS,N,13,Y,1,0,0,8,12,CA,1,8,20.4,19.2,4.3,2022-09-12T00:00:00,02:22:09 AM,SF22,603,1,W1
000000000071642860,W,022-11-0371,BAS,N,13,Y,1,0,0,2,96,CA,2,2,16.5,11.8,14.5,2022-09-12T00:00:00,02:21:09 AM,SF22,603,1,W1
000000000071648697,W,041-01-4599,BAS,N,13,Y,1,0,0,4,12,CA,1,4,20.4,19.2,4.3,2022-09-12T00:00:00,02:22:09 AM,SF22,603,1,W1
000000000071638175,W,022-12-0353,BAS,N,13,Y,1,0,0,12,96,CA,6,12,16.0,11.0,6.0,2022-09-11T00:00:00,02:09:07 AM,SF22,603,1,W1
000000000071639950,W,042-21-0353,BAS,N,13,Y,1,0,0,6,24,CA,6,6,23.0,13.0,12.0,2022-09-11T00:00:00,02:09:13 AM,SF22,603,1,W1
000000000071638624,W,022-12-4386,BAS,N,13,Y,1,0,0,1,96,CA,1,1,14.0,9.0,5.0,2022-09-11T00:00:00,02:08:44 AM,SF22,603,1,W1
000000000071638558,W,022-12-4313,BAS,N,13,Y,1,0,0,12,96,CA,7,12,15.0,9.0,6.0,2022-09-11T00:00:00,02:09:04 AM,SF22,603,1,W1
000000000071657751,W,214-05-3183,BAS,N,13,Y,1,0,0,5,12,CA,5,5,13.0,11.0,7.0,2022-09-12T00:00:00,02:23:58 AM,SF22,604,1,W1
000000000071640187,W,043-13-1981,BAS,N,13,Y,1,0,1,1,12,CA,12,13,21.2,12.5,5.5,2022-09-11T00:00:00,02:08:48 AM,SF22,604,1,W1
000000000071657878,W,214-10-2551,BAS,N,13,Y,1,0,0,10,12,CA,1,10,18.0,10.5,3.5,2022-09-12T00:00:00,02:23:59 AM,ES20,605,1,W1
000000000071640486,W,214-07-1481,BAS,N,13,Y,1,0,0,1,12,CA,1,1,14.0,13.0,7.2,2022-09-11T00:00:00,02:08:44 AM,ES20,605,1,W1
000000000071638189,W,022-12-0461,BAS,N,13,Y,1,0,0,2,96,CA,1,2,16.9,11.8,7.4,2022-09-11T00:00:00,02:09:07 AM,ES20,605,1,W1
000000000071649826,W,043-15-0735,BAS,N,13,Y,1,0,0,5,12,CA,5,5,20.2,12.4,10.2,2022-09-12T00:00:00,02:22:20 AM,SF21,606,1,W1
000000000071648688,W,041-01-4567,BAS,N,13,Y,1,0,0,8,12,CA,1,8,20.4,19.2,4.3,2022-09-12T00:00:00,02:22:09 AM,SF21,606,1,W1
000000000071649825,W,043-15-0735,BAS,N,13,Y,1,0,1,0,12,CA,11,12,20.2,12.4,10.2,2022-09-12T00:00:00,02:22:20 AM,SF21,606,1,W1
000000000071649824,W,043-15-0728,BAS,N,13,Y,1,0,0,6,12,CA,5,6,20.2,12.5,9.3,2022-09-12T00:00:00,02:22:20 AM,SF21,606,1,W1
000000000071642500,W,022-08-0084,BAS,N,13,Y,1,0,0,5,6,CA,4,5,19.0,14.5,3.8,2022-09-12T00:00:00,02:21:07 AM,SF21,606,1,W1
000000000071639594,W,041-02-9167,BAS,N,13,Y,1,0,0,1,12,CA,1,1,22.0,16.0,6.0,2022-09-11T00:00:00,02:08:48 AM,SF21,607,1,W1
000000000071638436,W,022-12-4135,BAS,N,13,Y,1,0,0,1,96,CA,1,1,24.0,16.0,8.0,2022-09-11T00:00:00,02:09:04 AM,SF21,607,1,W1
000000000071640491,W,214-07-2514,BAS,N,13,Y,1,0,0,1,12,CA,1,1,11.9,11.5,6.5,2022-09-11T00:00:00,02:09:07 AM,SF21,607,1,W1
000000000071638563,W,022-12-4320,BAS,N,13,Y,1,0,0,1,96,CA,1,1,17.0,10.0,6.0,2022-09-11T00:00:00,02:08:53 AM,SF21,607,1,W1
000000000071638473,W,022-12-4202,BAS,N,13,Y,1,0,0,44,96,CA,10,44,14.0,9.0,6.0,2022-09-11T00:00:00,02:08:39 AM,SF21,607,1,W1
000000000071638805,W,025-00-2485,BAS,N,13,Y,1,0,0,1,24,CA,1,1,16.0,13.4,9.5,2022-09-11T00:00:00,02:09:07 AM,SF21,607,1,W1
000000000071638432,W,022-12-4131,BAS,N,13,Y,1,0,0,10,96,CA,7,10,24.0,16.0,8.0,2022-09-11T00:00:00,02:09:02 AM,SF21,607,1,W1
000000000071642887,W,022-11-0693,BAS,N,13,Y,1,0,0,18,96,CA,14,18,17.0,12.0,16.0,2022-09-12T00:00:00,02:21:09 AM,SF21,607,1,W1
000000000071642885,W,022-11-0691,BAS,N,13,Y,1,0,0,14,96,CA,12,14,17.0,12.0,16.0,2022-09-12T00:00:00,02:21:09 AM,SF21,607,1,W1
000000000071638331,W,022-12-2978,BAS,N,13,Y,1,0,0,1,96,CA,1,1,13.7,10.2,5.1,2022-09-11T00:00:00,02:08:51 AM,SF21,608,1,W1
000000000071650300,W,043-18-1810,BAS,N,13,Y,1,0,0,4,6,CA,1,4,12.6,11.8,9.1,2022-09-12T00:00:00,02:22:25 AM,SF21,609,1,W1
000000000071650303,W,043-18-1813,BAS,N,13,Y,1,0,0,4,6,CA,1,4,12.6,11.8,9.1,2022-09-12T00:00:00,02:22:25 AM,SF21,609,1,W1
000000000071650302,W,043-18-1812,BAS,N,13,Y,1,0,0,4,6,CA,1,4,12.6,11.8,9.1,2022-09-12T00:00:00,02:22:25 AM,SF21,609,1,W1
000000000071650301,W,043-18-1811,BAS,N,13,Y,1,0,0,4,6,CA,1,4,12.6,11.8,9.1,2022-09-12T00:00:00,02:22:25 AM,SF21,609,1,W1
000000000071638541,W,022-12-4287,BAS,N,13,Y,1,0,0,4,96,CA,3,4,15.0,9.8,11.0,2022-09-11T00:00:00,02:09:07 AM,SF21,609,1,W1
000000000071639029,W,025-04-0778,BAS,N,13,Y,1,0,0,1,9,CA,1,1,12.7,11.2,10.4,2022-09-11T00:00:00,02:08:48 AM,SF21,609,1,W1
000000000071649503,W,043-14-0338,BAS,N,13,Y,1,0,0,7,12,CA,7,7,22.4,12.9,7.8,2022-09-12T00:00:00,02:22:16 AM,SF21,609,1,W1
000000000071650306,W,043-18-1816,BAS,N,13,Y,1,0,0,4,6,CA,1,4,12.6,11.8,9.1,2022-09-12T00:00:00,02:22:25 AM,SF21,609,1,W1
000000000071639079,W,025-04-7289,BAS,N,13,Y,1,0,0,1,9,CA,1,1,15.0,10.0,10.1,2022-09-11T00:00:00,02:08:44 AM,SF21,609,1,W1
000000000071642813,W,022-08-4697,BAS,N,13,Y,1,0,1,3,6,CA,9,9,14.8,13.1,3.3,2022-09-12T00:00:00,02:21:09 AM,SF21,610,1,W1
000000000071642624,W,022-08-0665,BAS,N,13,Y,1,0,2,0,6,CA,12,12,1.2,11.0,24.0,2022-09-12T00:00:00,02:21:08 AM,SF21,610,1,W1
000000000071637973,W,022-09-1519,BAS,N,13,Y,1,0,0,1,6,CA,1,1,11.7,5.9,4.5,2022-09-11T00:00:00,02:08:44 AM,SF21,610,1,W1
000000000071638207,W,022-12-0706,BAS,N,13,Y,1,0,0,1,96,CA,1,1,14.0,10.0,6.0,2022-09-11T00:00:00,02:09:13 AM,SF21,610,1,W1
000000000071637985,W,022-09-1750,BAS,N,13,Y,1,0,0,5,6,CA,2,5,11.6,5.9,5.1,2022-09-11T00:00:00,02:09:07 AM,SF21,610,1,W1
000000000071642627,W,022-08-0669,BAS,N,13,Y,1,0,0,3,6,CA,3,3,13.8,13.1,3.3,2022-09-12T00:00:00,02:21:08 AM,SF21,610,1,W1
000000000071642826,W,022-08-4708,BAS,N,13,Y,1,0,0,5,6,CA,4,5,13.8,13.3,3.3,2022-09-12T00:00:00,02:21:09 AM,SF21,610,1,W1
000000000071642576,W,022-08-0447,BAS,N,13,Y,1,0,1,1,6,CA,7,7,13.6,13.1,3.3,2022-09-12T00:00:00,02:21:08 AM,SF21,610,1,W1
000000000071642882,W,022-11-0687,BAS,N,13,Y,1,0,0,10,96,CA,9,10,17.0,12.0,16.0,2022-09-12T00:00:00,02:21:09 AM,SF21,610,1,W1
000000000071642605,W,022-08-0557,BAS,N,13,Y,1,0,0,1,6,CA,1,1,14.2,13.3,3.3,2022-09-12T00:00:00,02:21:08 AM,SF21,610,1,W1
000000000071642819,W,022-08-4703,BAS,N,13,Y,1,0,0,1,6,CA,1,1,13.7,13.3,3.8,2022-09-12T00:00:00,02:21:09 AM,SF21,610,1,W1
000000000071642606,W,022-08-0557,BAS,N,13,Y,1,0,1,0,6,CA,6,6,14.2,13.3,3.3,2022-09-12T00:00:00,02:21:08 AM,SF21,610,1,W1
000000000071642827,W,022-08-4709,BAS,N,13,Y,1,0,1,1,6,CA,7,7,14.1,13.3,3.3,2022-09-12T00:00:00,02:21:09 AM,SF21,610,1,W1
000000000071644178,W,023-12-4355,BAS,N,13,Y,1,0,1,0,24,CA,21,24,22.0,15.7,5.1,2022-09-12T00:00:00,02:21:16 AM,SF21,611,2,W1
000000000071644177,W,023-12-4354,BAS,N,13,Y,1,0,1,0,24,CA,21,24,22.0,15.7,5.1,2022-09-12T00:00:00,02:21:16 AM,SF21,611,2,W1
000000000071642556,W,022-08-0180,BAS,N,13,Y,1,0,3,0,6,CA,18,18,15.5,10.3,6.3,2022-09-12T00:00:00,02:21:08 AM,SF21,611,1,W1
000000000071642797,W,022-08-4654,BAS,N,13,Y,1,0,3,1,6,CA,14,19,23.9,17.4,3.3,2022-09-12T00:00:00,02:21:09 AM,SF21,611,2,W1
000000000071643880,W,023-09-3292,BAS,N,13,Y,1,0,2,5,6,CA,17,17,14.4,12.2,6.6,2022-09-12T00:00:00,02:21:13 AM,SF21,611,1,W1
000000000071643876,W,023-09-3291,BAS,N,13,Y,1,0,1,3,6,CA,9,9,12.5,12.3,6.5,2022-09-12T00:00:00,02:21:13 AM,SF21,611,1,W1
000000000071643853,W,023-09-3283,BAS,N,13,Y,1,0,2,0,6,CA,12,12,14.9,12.3,6.6,2022-09-12T00:00:00,02:21:13 AM,SF21,611,1,W1
000000000071643847,W,023-09-1697,BAS,N,13,Y,1,0,2,0,6,CA,12,12,20.1,12.4,7.8,2022-09-12T00:00:00,02:21:13 AM,SF21,611,1,W1
000000000071643871,W,023-09-3290,BAS,N,13,Y,1,0,1,0,6,CA,6,6,12.3,12.1,6.6,2022-09-12T00:00:00,02:21:13 AM,SF21,611,1,W1
000000000071643817,W,023-09-1686,BAS,N,13,Y,1,0,1,0,6,CA,6,6,14.5,12.3,6.6,2022-09-12T00:00:00,02:21:13 AM,SF21,611,1,W1
000000000071643897,W,023-09-3298,BAS,N,13,Y,1,0,1,0,6,CA,6,6,20.2,12.3,7.6,2022-09-12T00:00:00,02:21:14 AM,SF21,611,1,W1
000000000071643845,W,023-09-1697,BAS,N,13,Y,1,0,1,0,6,CA,6,6,20.1,12.4,7.8,2022-09-12T00:00:00,02:21:13 AM,SF21,611,1,W1
000000000071643892,W,023-09-3297,BAS,N,13,Y,1,0,1,0,6,CA,6,6,12.3,12.3,6.6,2022-09-12T00:00:00,02:21:14 AM,SF21,611,1,W1
000000000071643925,W,023-09-7775,BAS,N,13,Y,1,0,1,0,6,CA,6,6,15.5,12.3,9.6,2022-09-12T00:00:00,02:21:14 AM,SF21,611,1,W1
000000000071643906,W,023-09-5090,BAS,N,13,Y,1,0,1,0,6,CA,6,6,12.4,12.3,6.6,2022-09-12T00:00:00,02:21:14 AM,SF21,611,1,W1
000000000071643893,W,023-09-3297,BAS,N,13,Y,1,0,1,0,6,CA,6,6,12.3,12.3,6.6,2022-09-12T00:00:00,02:21:14 AM,SF21,611,1,W1
000000000071642798,W,022-08-4656,BAS,N,13,Y,1,0,2,4,6,CA,14,16,23.6,17.4,2.5,2022-09-12T00:00:00,02:21:09 AM,SF21,611,2,W1
000000000071644176,W,023-12-4353,BAS,N,13,Y,1,0,0,22,24,CA,18,22,22.0,15.7,5.1,2022-09-12T00:00:00,02:21:16 AM,SF21,611,1,W1
000000000071643898,W,023-09-3298,BAS,N,13,Y,1,0,2,0,6,CA,12,12,20.2,12.3,7.6,2022-09-12T00:00:00,02:21:14 AM,SF21,611,1,W1
000000000071643881,W,023-09-3293,BAS,N,13,Y,1,0,1,0,6,CA,6,6,15.5,12.3,6.6,2022-09-12T00:00:00,02:21:13 AM,SF21,611,1,W1
000000000071643879,W,023-09-3292,BAS,N,13,Y,1,0,2,0,6,CA,12,12,14.4,12.2,6.6,2022-09-12T00:00:00,02:21:13 AM,SF21,611,1,W1
000000000071639592,W,041-02-8901,BAS,N,13,Y,1,0,0,1,12,CA,1,1,13.0,12.0,8.6,2022-09-11T00:00:00,02:08:48 AM,SF21,611,1,W1
000000000071643912,W,023-09-5093,BAS,N,13,Y,1,0,1,0,6,CA,6,6,22.7,13.2,11.6,2022-09-12T00:00:00,02:21:14 AM,SF21,611,1,W1
000000000071643913,W,023-09-5093,BAS,N,13,Y,1,0,1,0,6,CA,6,6,22.7,13.2,11.6,2022-09-12T00:00:00,02:21:14 AM,SF21,611,1,W1
000000000071643870,W,023-09-3290,BAS,N,13,Y,1,0,1,0,6,CA,6,6,12.3,12.1,6.6,2022-09-12T00:00:00,02:21:13 AM,SF21,611,1,W1
000000000071642558,W,022-08-0180,BAS,N,13,Y,1,0,4,0,6,CA,24,24,15.5,10.3,6.3,2022-09-12T00:00:00,02:21:08 AM,SF21,611,1,W1
000000000071644175,W,023-12-4352,BAS,N,13,Y,1,0,1,0,24,CA,23,24,22.0,15.7,5.1,2022-09-12T00:00:00,02:21:16 AM,SF21,611,2,W1
000000000071643875,W,023-09-3291,BAS,N,13,Y,1,0,2,0,6,CA,12,12,12.5,12.3,6.5,2022-09-12T00:00:00,02:21:13 AM,SF21,611,1,W1
000000000071643818,W,023-09-1686,BAS,N,13,Y,1,0,1,0,6,CA,6,6,14.5,12.3,6.6,2022-09-12T00:00:00,02:21:13 AM,SF21,611,1,W1
000000000071642546,W,022-08-0179,BAS,N,13,Y,1,0,1,0,6,CA,5,6,15.5,10.0,4.7,2022-09-12T00:00:00,02:21:08 AM,SF21,611,1,W1
000000000071638244,W,022-12-1432,BAS,N,13,Y,1,0,0,7,96,CA,4,7,17.7,14.9,3.1,2022-09-11T00:00:00,02:09:04 AM,SF21,612,1,W1
000000000071640483,W,214-07-1475,BAS,N,13,Y,1,0,0,1,12,CA,1,1,14.0,13.0,7.2,2022-09-11T00:00:00,02:09:05 AM,SF21,612,1,W1
000000000071638493,W,022-12-4223,BAS,N,13,Y,1,0,0,27,96,CA,8,27,15.0,10.0,7.0,2022-09-11T00:00:00,02:08:48 AM,SF21,613,1,W1
000000000071638369,W,022-12-3787,BAS,N,13,Y,1,0,0,2,96,CA,2,2,15.8,13.4,4.0,2022-09-11T00:00:00,02:08:44 AM,SF21,613,1,W1
000000000071638091,W,022-10-0050,BAS,N,13,Y,1,0,0,10,48,CA,4,10,17.3,16.1,11.4,2022-09-11T00:00:00,02:09:07 AM,SF21,613,1,W1
000000000071638004,W,022-09-2148,BAS,N,13,Y,1,0,0,1,12,CA,1,1,14.2,12.5,6.2,2022-09-11T00:00:00,02:09:16 AM,SF21,613,1,W1
000000000071638676,W,022-12-4477,BAS,N,13,Y,1,0,0,20,96,CA,18,20,16.9,11.8,7.4,2022-09-11T00:00:00,02:08:48 AM,SF21,615,1,W1
000000000071638464,W,022-12-4193,BAS,N,13,Y,1,0,0,2,96,CA,2,2,17.7,14.9,3.1,2022-09-11T00:00:00,02:08:56 AM,SF21,615,1,W1
000000000071639659,W,042-02-1283,BAS,N,13,Y,1,0,0,1,8,CA,1,1,24.2,16.2,5.3,2022-09-11T00:00:00,02:09:05 AM,SF21,615,1,W2
000000000071639754,W,042-02-3968,BAS,N,13,Y,1,0,0,2,8,CA,2,2,24.0,16.0,5.0,2022-09-11T00:00:00,02:09:07 AM,SF21,615,1,W2
